9d1087a4-6d36-4cb8-9c9c-126593c1d84f,08:59,11:01,f,1
c8e93307-f613-430b-9de2-7f4b5407dfd5,14:30,17:00,f,1
ccf3c3c6-e92a-40b9-bd58-cdc266367cfc,10:15,11:45,f,2
ef0fe6d8-cad1-4d38-a5b5-9549046e074b,16:00,19:00,f,2
231ebf74-d953-4fb3-a865-1267dcd187e4,09:50,11:30,f,3
deafa1e8-e619-48a0-a281-0b88ba43ca37,16:15,18:20,f,3
8534e01b-eb66-48de-8c00-63b7c774e779,13:00,16:00,f,4
5dec23d6-847a-4ff3-b2eb-610528331169,20:00,22:00,f,4
b502d7bf-37f5-4274-b90e-e10ae587430a,09:00,12:15,f,5
7a40ef59-f01a-4021-8074-d17ba41b349d,11:00,13:45,f,6
2c0306a5-548c-48c5-abf3-9e796941111e,18:30,20:30,f,6
7d3c578a-e057-41ce-bfab-044bfa4bd942,11:25,14:30,f,7
0de16010-cf06-441b-bacc-5d8b056b1f75,16:15,19:00,f,7
